<?xml version="1.0"?>
<application version="5" xmlns="http://java.sun.com/xml/ns/javaee"
         xmlns:xsi="http://www.w3.org/2001/XMLSchema-instance"
         xsi:schemaLocation="http://java.sun.com/xml/ns/javaee http://java.sun.com/xml/ns/javaee/application_5.xsd">

	<module>
		<ejb>chapter12-ejb.jar</ejb>
	</module>
      <module>
       <web>
         <web-uri>chapter12-web.war</web-uri>
         <context-root>/chapter12</context-root>
      </web>
    </module>

</application>
