<?xml version="1.0" encoding="iso-8859-1"?>
<project name="anttasks">
	<property environment="env" />
	<property name="JBOSS_HOME" value="${env.JBOSS_HOME}" />
	<property name="JAVA_HOME" value="${env.JAVA_HOME}" />

	<path id="common.j2ee.class.path">
		<!-- Compile classpath for J2EE based applications for JBoss -->
		<pathelement
			location="${JBOSS_HOME}/server/default/lib/jboss-ejb3x.jar" />
		<pathelement
			location="${JBOSS_HOME}/server/default/lib/jboss-j2ee.jar" />
		<pathelement
			location="${JBOSS_HOME}/server/default/lib/ejb3-persistence.jar" />
		<pathelement
			location="${JBOSS_HOME}/server/default/lib/servlet-api.jar" />
		<pathelement
			location="${JBOSS_HOME}/server/default/lib/jboss-jaxws.jar" />
		<pathelement location="${JBOSS_HOME}/client/jbossws-spi.jar" />
	</path>

	<property name="common.j2ee.class.path"
		refid="common.j2ee.class.path" />

	<path id="common.client.class.path">
		<fileset dir="${JBOSS_HOME}/lib">
			<include name="**/*.jar" />
		</fileset>
		<fileset dir="${JBOSS_HOME}/server/default/lib">
			<include name="**/*.jar" />
		</fileset>
		<!-- Compile classpath for JBoss application clients -->
		<pathelement
			location="${JBOSS_HOME}/server/default/lib/jboss-ejb3x.jar" />
		<pathelement
			location="${JBOSS_HOME}/server/default/lib/jboss-j2ee.jar" />
		<pathelement
			location="${JBOSS_HOME}/server/default/lib/ejb3-persistence.jar" />
		<pathelement
			location="${JBOSS_HOME}/client/jbossall-client.jar" />
		<pathelement
			location="${JBOSS_HOME}/client/jboss-aop-jdk50-client.jar" />
		<pathelement
			location="${JBOSS_HOME}/server/default/deploy/jboss-aop-jdk50.deployer/jboss-aspect-library-jdk50.jar" />
		<pathelement location="${JBOSS_HOME}/client/jbossws-client.jar" />
	</path>

	<property name="common.client.class.path"
		refid="common.client.class.path" />

	<!-- Target for displaying build information. -->
	<target name="common">
		<echo message="BuildName: ${ant.project.name}" />
		<echo message="BuildHome: ${basedir}" />
		<echo message="BuildFile: ${ant.file}" />
		<echo message="BuildJVM: ${ant.java.version}" />
	</target>
</project>