<?xml version = '1.0' encoding = 'windows-1252'?>
<ejb-jar version="3.0" xmlns:xsi="http://www.w3.org/2001/XMLSchema-instance" xsi:schemaLocation="http://java.sun.com/xml/ns/j2ee http://java.sun.com/xml/ns/j2ee/ejb-jar_3_0.xsd">	
<enterprise-beans>
<session>
	<ejb-name>PlaceBidBean</ejb-name>
      <remote>actionbazaar.buslogic.PlaceBid</remote>
	<ejb-class>actionbazaar.buslogic.PlaceBidBean</ejb-class>
	<session-type>Stateless</session-type>
	<transaction-type>Container</transaction-type>
     <env-entry>
    	<env-entry-name>ejb/BeanFactoryPath</env-entry-name>
    	<env-entry-type>java.lang.String</env-entry-type>
    	<env-entry-value>/actionBazaar-service.xml</env-entry-value>
  	</env-entry>
</session>
      
	</enterprise-beans>
	<interceptors>
	</interceptors>
	<assembly-descriptor>
	</assembly-descriptor>
</ejb-jar>
