<?xml version="1.0" encoding="UTF-8"?>
<entity-mappings xmlns="http://java.sun.com/xml/ns/persistence/orm"
    xmlns:xsi="http://www.w3.org/2001/XMLSchema-instance"
    xsi:schemaLocation="http://java.sun.com/xml/ns/persistence/orm orm_1_0.xsd"
    version="1.0">

  
  <package>actionbazaar.persistence</package>
  <access>PROPERTY</access>

  <named-query name = "findAllItems">
    <query>SELECT i FROM Item AS i</query>
    <hint name = "refresh" value = "true"/>
  </named-query>

  <entity name = "Item" class = "Item" metadata-complete = "false">                     
    <table name = "ITEMS" />
    <exclude-default-listeners/>
    <exclude-superclass-listeners/>
    <attributes>
      <id name = "itemId">
        <column name = "ITEM_ID"/>
        <generated-value strategy = "AUTO" 
                         />
      </id>
      <basic name = "itemName">
        <column name = "ITEM_NAME"/>
      </basic>
      <basic name = "bidStartDate">
        <column name = "BID_START_DATE"/>
      </basic>
      <basic name = "bidEndDate">
        <column name = "BID_END_DATE"/>
      </basic>
      
      <basic name = "createdDate">
        <column name = "CREATED_DATE"/>
      </basic>
      
      <basic name = "initialPrice">
        <column name = "INITIAL_PRICE"/>
      </basic>

      <many-to-many name = "category" mapped-by = "items">
      </many-to-many>
    </attributes>
  </entity>
</entity-mappings>
