<?xml version="1.0"?>
<!DOCTYPE ejb-jar PUBLIC "-//Sun Microsystems, Inc.//DTD Enterprise JavaBeans 1.1//EN" "http://java.sun.com/j2ee/dtds/ejb-jar_1_1.dtd">
<ejb-jar version="3.0">
	<display-name>chapter11-ejb</display-name>
	<enterprise-beans>
		<session>
			<ejb-name>BazaarAdmin</ejb-name>
			<home>com.evermind.server.ejb.StatelessSessionDefaultRemoteHome</home>
			<remote>actionbazaar.buslogic.BazaarAdmin</remote>
			<ejb-class>actionbazaar.buslogic.BazaarAdminBean</ejb-class>
			<session-type>stateless</session-type>
			<transaction-type>Container</transaction-type>
		</session>
		<session>
			<display-name>PlaceBid</display-name>
			<ejb-name>PlaceBid</ejb-name>
			<home>com.evermind.server.ejb.StatelessSessionDefaultRemoteHome</home>
			<remote>actionbazaar.buslogic.PlaceBid</remote>
			<ejb-class>actionbazaar.buslogic.PlaceBidBean</ejb-class>
			<session-type>stateless</session-type>
			<transaction-type>Container</transaction-type>
		</session>
	</enterprise-beans>
	<interceptors>
	</interceptors>
	<assembly-descriptor>
		<container-transaction>
			<method>
				<ejb-name>BazaarAdmin</ejb-name>
				<method-name>createCategory</method-name>
				<method-params>
					<method-param>java.lang.String</method-param>
					<method-param>java.lang.String</method-param>
				</method-params>
			</method>
			<trans-attribute>RequiresNew</trans-attribute>
		</container-transaction>
	</assembly-descriptor>
</ejb-jar>
